10_year_interval,county,TMAX,TMIN
1950-1959,Accomack County,54.0,12.0
1950-1959,Albemarle County,88.0,55.0
1950-1959,Alexandria city,96.0,37.0
1950-1959,Alleghany County,33.0,62.0
1950-1959,Amelia County,138.0,43.0
1950-1959,Amherst County,67.0,48.0
1950-1959,Appomattox County,85.0,46.0
1950-1959,Arlington County,91.0,43.0
1950-1959,Augusta County,30.0,77.0
1950-1959,Bath County,20.0,74.0
1950-1959,Bedford County,75.0,40.0
1950-1959,Bland County,7.0,58.0
1950-1959,Botetourt County,59.0,55.0
1950-1959,Bristol city,53.0,51.0
1950-1959,Brunswick County,140.0,33.0
1950-1959,Buchanan County,25.0,55.0
1950-1959,Buckingham County,124.0,48.0
1950-1959,Buena Vista city,82.0,57.0
1950-1959,Campbell County,76.0,48.0
1950-1959,Caroline County,128.0,54.0
1950-1959,Carroll County,16.0,52.0
1950-1959,Charles City County,125.0,17.0
1950-1959,Charlotte County,113.0,38.0
1950-1959,Charlottesville city,110.0,61.0
1950-1959,Chesapeake city,123.0,14.0
1950-1959,Chesterfield County,130.0,37.0
1950-1959,Clarke County,72.0,57.0
1950-1959,Colonial Heights city,144.0,22.0
1950-1959,Covington city,76.0,52.0
1950-1959,Craig County,30.0,60.0
1950-1959,Culpeper County,106.0,56.0
1950-1959,Cumberland County,129.0,42.0
1950-1959,Danville city,131.0,28.0
1950-1959,Dickenson County,29.0,53.0
1950-1959,Dinwiddie County,154.0,39.0
1950-1959,Emporia city,121.0,34.0
1950-1959,Essex County,126.0,33.0
1950-1959,Fairfax County,82.0,45.0
1950-1959,Fairfax city,64.0,46.0
1950-1959,Falls Church city,76.0,39.0
1950-1959,Fauquier County,75.0,54.0
1950-1959,Floyd County,5.0,63.0
1950-1959,Fluvanna County,128.0,60.0
1950-1959,Franklin County,71.0,48.0
1950-1959,Franklin city,139.0,24.0
1950-1959,Frederick County,68.0,69.0
1950-1959,Fredericksburg city,114.0,48.0
1950-1959,Galax city,16.0,61.0
1950-1959,Giles County,14.0,66.0
1950-1959,Gloucester County,124.0,15.0
1950-1959,Goochland County,131.0,55.0
1950-1959,Grayson County,3.0,56.0
1950-1959,Greene County,56.0,65.0
1950-1959,Greensville County,162.0,33.0
1950-1959,Halifax County,108.0,36.0
1950-1959,Hampton city,123.0,3.0
1950-1959,Hanover County,128.0,44.0
1950-1959,Harrisonburg city,50.0,64.0
1950-1959,Henrico County,141.0,32.0
1950-1959,Henry County,103.0,37.0
1950-1959,Highland County,3.0,68.0
1950-1959,Hopewell city,137.0,14.0
1950-1959,Isle of Wight County,142.0,15.0
1950-1959,James City County,136.0,12.0
1950-1959,King George County,118.0,37.0
1950-1959,King William County,146.0,37.0
1950-1959,King and Queen County,152.0,39.0
1950-1959,Lancaster County,134.0,19.0
1950-1959,Lee County,49.0,41.0
1950-1959,Loudoun County,74.0,53.0
1950-1959,Louisa County,131.0,61.0
1950-1959,Lunenburg County,131.0,48.0
1950-1959,Lynchburg city,88.0,50.0
1950-1959,Madison County,60.0,69.0
1950-1959,Manassas Park city,77.0,46.0
1950-1959,Manassas city,85.0,52.0
1950-1959,Martinsville city,115.0,43.0
1950-1959,Mathews County,106.0,12.0
1950-1959,Mecklenburg County,127.0,40.0
1950-1959,Middlesex County,135.0,19.0
1950-1959,Montgomery County,30.0,67.0
1950-1959,Nelson County,62.0,58.0
1950-1959,New Kent County,146.0,34.0
1950-1959,Newport News city,122.0,8.0
1950-1959,Norfolk city,109.0,2.0
1950-1959,Northampton County,82.0,7.0
1950-1959,Northumberland County,108.0,23.0
1950-1959,Norton city,14.0,50.0
1950-1959,Nottoway County,124.0,46.0
1950-1959,Orange County,109.0,51.0
1950-1959,Page County,41.0,64.0
1950-1959,Patrick County,52.0,51.0
1950-1959,Petersburg city,146.0,24.0
1950-1959,Pittsylvania County,117.0,33.0
1950-1959,Poquoson city,126.0,5.0
1950-1959,Portsmouth city,97.0,2.0
1950-1959,Powhatan County,133.0,55.0
1950-1959,Prince Edward County,127.0,45.0
1950-1959,Prince George County,135.0,16.0
1950-1959,Prince William County,83.0,49.0
1950-1959,Pulaski County,26.0,62.0
1950-1959,Radford city,34.0,64.0
1950-1959,Rappahannock County,51.0,62.0
1950-1959,Richmond County,131.0,30.0
1950-1959,Richmond city,152.0,38.0
1950-1959,Roanoke County,56.0,52.0
1950-1959,Roanoke city,112.0,40.0
1950-1959,Rockbridge County,52.0,59.0
1950-1959,Rockingham County,36.0,83.0
1950-1959,Russell County,24.0,48.0
1950-1959,Salem city,116.0,46.0
1950-1959,Scott County,52.0,50.0
1950-1959,Shenandoah County,63.0,58.0
1950-1959,Smyth County,12.0,57.0
1950-1959,Southampton County,137.0,26.0
1950-1959,Spotsylvania County,119.0,60.0
1950-1959,Stafford County,104.0,47.0
1950-1959,Staunton city,64.0,72.0
1950-1959,Suffolk city,148.0,17.0
1950-1959,Surry County,112.0,17.0
1950-1959,Sussex County,145.0,30.0
1950-1959,Tazewell County,6.0,53.0
1950-1959,Virginia Beach city,83.0,3.0
1950-1959,Warren County,64.0,77.0
1950-1959,Washington County,34.0,48.0
1950-1959,Waynesboro city,57.0,59.0
1950-1959,Westmoreland County,119.0,27.0
1950-1959,Williamsburg city,134.0,19.0
1950-1959,Winchester city,67.0,59.0
1950-1959,Wise County,15.0,52.0
1950-1959,Wythe County,17.0,56.0
1950-1959,York County,115.0,11.0
1960-1969,Accomack County,27.0,31.0
1960-1969,Albemarle County,51.0,115.0
1960-1969,Alexandria city,56.0,74.0
1960-1969,Alleghany County,7.0,128.0
1960-1969,Amelia County,81.0,77.0
1960-1969,Amherst County,37.0,102.0
1960-1969,Appomattox County,51.0,92.0
1960-1969,Arlington County,54.0,74.0
1960-1969,Augusta County,16.0,108.0
1960-1969,Bath County,4.0,125.0
1960-1969,Bedford County,42.0,88.0
1960-1969,Bland County,0.0,123.0
1960-1969,Botetourt County,31.0,104.0
1960-1969,Bristol city,15.0,99.0
1960-1969,Brunswick County,69.0,64.0
1960-1969,Buchanan County,2.0,123.0
1960-1969,Buckingham County,63.0,94.0
1960-1969,Buena Vista city,50.0,104.0
1960-1969,Campbell County,48.0,95.0
1960-1969,Caroline County,81.0,91.0
1960-1969,Carroll County,1.0,103.0
1960-1969,Charles City County,59.0,38.0
1960-1969,Charlotte County,56.0,81.0
1960-1969,Charlottesville city,58.0,103.0
1960-1969,Chesapeake city,55.0,22.0
1960-1969,Chesterfield County,79.0,60.0
1960-1969,Clarke County,42.0,114.0
1960-1969,Colonial Heights city,70.0,38.0
1960-1969,Covington city,32.0,114.0
1960-1969,Craig County,4.0,127.0
1960-1969,Culpeper County,68.0,98.0
1960-1969,Cumberland County,74.0,88.0
1960-1969,Danville city,68.0,59.0
1960-1969,Dickenson County,1.0,103.0
1960-1969,Dinwiddie County,81.0,60.0
1960-1969,Emporia city,67.0,52.0
1960-1969,Essex County,78.0,72.0
1960-1969,Fairfax County,45.0,86.0
1960-1969,Fairfax city,28.0,85.0
1960-1969,Falls Church city,37.0,73.0
1960-1969,Fauquier County,38.0,106.0
1960-1969,Floyd County,0.0,127.0
1960-1969,Fluvanna County,71.0,92.0
1960-1969,Franklin County,44.0,89.0
1960-1969,Franklin city,78.0,44.0
1960-1969,Frederick County,33.0,118.0
1960-1969,Fredericksburg city,70.0,110.0
1960-1969,Galax city,1.0,104.0
1960-1969,Giles County,1.0,136.0
1960-1969,Gloucester County,57.0,36.0
1960-1969,Goochland County,83.0,88.0
1960-1969,Grayson County,0.0,117.0
1960-1969,Greene County,29.0,111.0
1960-1969,Greensville County,89.0,59.0
1960-1969,Halifax County,61.0,69.0
1960-1969,Hampton city,55.0,14.0
1960-1969,Hanover County,87.0,84.0
1960-1969,Harrisonburg city,36.0,126.0
1960-1969,Henrico County,86.0,64.0
1960-1969,Henry County,46.0,69.0
1960-1969,Highland County,0.0,134.0
1960-1969,Hopewell city,67.0,29.0
1960-1969,Isle of Wight County,69.0,27.0
1960-1969,James City County,68.0,34.0
1960-1969,King George County,65.0,73.0
1960-1969,King William County,86.0,73.0
1960-1969,King and Queen County,77.0,67.0
1960-1969,Lancaster County,61.0,41.0
1960-1969,Lee County,9.0,104.0
1960-1969,Loudoun County,49.0,94.0
1960-1969,Louisa County,69.0,105.0
1960-1969,Lunenburg County,77.0,75.0
1960-1969,Lynchburg city,38.0,96.0
1960-1969,Madison County,26.0,129.0
1960-1969,Manassas Park city,51.0,97.0
1960-1969,Manassas city,52.0,108.0
1960-1969,Martinsville city,56.0,64.0
1960-1969,Mathews County,49.0,32.0
1960-1969,Mecklenburg County,66.0,70.0
1960-1969,Middlesex County,64.0,40.0
1960-1969,Montgomery County,7.0,113.0
1960-1969,Nelson County,33.0,106.0
1960-1969,New Kent County,77.0,56.0
1960-1969,Newport News city,52.0,20.0
1960-1969,Norfolk city,46.0,8.0
1960-1969,Northampton County,33.0,20.0
1960-1969,Northumberland County,55.0,51.0
1960-1969,Norton city,0.0,100.0
1960-1969,Nottoway County,78.0,70.0
1960-1969,Orange County,73.0,103.0
1960-1969,Page County,14.0,136.0
1960-1969,Patrick County,19.0,90.0
1960-1969,Petersburg city,79.0,42.0
1960-1969,Pittsylvania County,58.0,68.0
1960-1969,Poquoson city,49.0,13.0
1960-1969,Portsmouth city,47.0,7.0
1960-1969,Powhatan County,75.0,85.0
1960-1969,Prince Edward County,64.0,88.0
1960-1969,Prince George County,75.0,33.0
1960-1969,Prince William County,57.0,92.0
1960-1969,Pulaski County,4.0,117.0
1960-1969,Radford city,9.0,114.0
1960-1969,Rappahannock County,29.0,121.0
1960-1969,Richmond County,70.0,66.0
1960-1969,Richmond city,85.0,63.0
1960-1969,Roanoke County,22.0,92.0
1960-1969,Roanoke city,58.0,85.0
1960-1969,Rockbridge County,24.0,109.0
1960-1969,Rockingham County,21.0,121.0
1960-1969,Russell County,1.0,125.0
1960-1969,Salem city,44.0,77.0
1960-1969,Scott County,4.0,90.0
1960-1969,Shenandoah County,36.0,122.0
1960-1969,Smyth County,0.0,113.0
1960-1969,Southampton County,66.0,45.0
1960-1969,Spotsylvania County,70.0,110.0
1960-1969,Stafford County,57.0,96.0
1960-1969,Staunton city,29.0,109.0
1960-1969,Suffolk city,66.0,28.0
1960-1969,Surry County,68.0,33.0
1960-1969,Sussex County,65.0,47.0
1960-1969,Tazewell County,0.0,123.0
1960-1969,Virginia Beach city,33.0,8.0
1960-1969,Warren County,34.0,126.0
1960-1969,Washington County,3.0,105.0
1960-1969,Waynesboro city,21.0,108.0
1960-1969,Westmoreland County,61.0,58.0
1960-1969,Williamsburg city,62.0,37.0
1960-1969,Winchester city,42.0,119.0
1960-1969,Wise County,0.0,100.0
1960-1969,Wythe County,2.0,122.0
1960-1969,York County,57.0,29.0
1970-1979,Accomack County,27.0,30.0
1970-1979,Albemarle County,40.0,102.0
1970-1979,Alexandria city,42.0,76.0
1970-1979,Alleghany County,10.0,122.0
1970-1979,Amelia County,69.0,73.0
1970-1979,Amherst County,26.0,91.0
1970-1979,Appomattox County,55.0,91.0
1970-1979,Arlington County,32.0,74.0
1970-1979,Augusta County,13.0,117.0
1970-1979,Bath County,6.0,107.0
1970-1979,Bedford County,40.0,88.0
1970-1979,Bland County,0.0,108.0
1970-1979,Botetourt County,27.0,89.0
1970-1979,Bristol city,14.0,90.0
1970-1979,Brunswick County,55.0,54.0
1970-1979,Buchanan County,5.0,115.0
1970-1979,Buckingham County,59.0,93.0
1970-1979,Buena Vista city,38.0,104.0
1970-1979,Campbell County,37.0,84.0
1970-1979,Caroline County,61.0,85.0
1970-1979,Carroll County,3.0,102.0
1970-1979,Charles City County,65.0,36.0
1970-1979,Charlotte County,52.0,73.0
1970-1979,Charlottesville city,56.0,91.0
1970-1979,Chesapeake city,45.0,26.0
1970-1979,Chesterfield County,75.0,56.0
1970-1979,Clarke County,32.0,111.0
1970-1979,Colonial Heights city,68.0,42.0
1970-1979,Covington city,24.0,101.0
1970-1979,Craig County,6.0,121.0
1970-1979,Culpeper County,51.0,102.0
1970-1979,Cumberland County,56.0,78.0
1970-1979,Danville city,63.0,56.0
1970-1979,Dickenson County,3.0,116.0
1970-1979,Dinwiddie County,67.0,54.0
1970-1979,Emporia city,68.0,53.0
1970-1979,Essex County,63.0,73.0
1970-1979,Fairfax County,32.0,83.0
1970-1979,Fairfax city,25.0,84.0
1970-1979,Falls Church city,30.0,81.0
1970-1979,Fauquier County,29.0,99.0
1970-1979,Floyd County,1.0,104.0
1970-1979,Fluvanna County,77.0,92.0
1970-1979,Franklin County,35.0,82.0
1970-1979,Franklin city,70.0,38.0
1970-1979,Frederick County,27.0,95.0
1970-1979,Fredericksburg city,58.0,97.0
1970-1979,Galax city,2.0,104.0
1970-1979,Giles County,1.0,127.0
1970-1979,Gloucester County,56.0,33.0
1970-1979,Goochland County,83.0,86.0
1970-1979,Grayson County,0.0,121.0
1970-1979,Greene County,34.0,111.0
1970-1979,Greensville County,74.0,51.0
1970-1979,Halifax County,52.0,58.0
1970-1979,Hampton city,59.0,20.0
1970-1979,Hanover County,82.0,88.0
1970-1979,Harrisonburg city,24.0,125.0
1970-1979,Henrico County,72.0,64.0
1970-1979,Henry County,54.0,79.0
1970-1979,Highland County,1.0,144.0
1970-1979,Hopewell city,66.0,35.0
1970-1979,Isle of Wight County,52.0,28.0
1970-1979,James City County,51.0,32.0
1970-1979,King George County,51.0,70.0
1970-1979,King William County,69.0,69.0
1970-1979,King and Queen County,70.0,65.0
1970-1979,Lancaster County,49.0,44.0
1970-1979,Lee County,9.0,95.0
1970-1979,Loudoun County,28.0,107.0
1970-1979,Louisa County,66.0,100.0
1970-1979,Lunenburg County,60.0,67.0
1970-1979,Lynchburg city,45.0,87.0
1970-1979,Madison County,30.0,111.0
1970-1979,Manassas Park city,31.0,78.0
1970-1979,Manassas city,37.0,97.0
1970-1979,Martinsville city,57.0,76.0
1970-1979,Mathews County,48.0,29.0
1970-1979,Mecklenburg County,67.0,58.0
1970-1979,Middlesex County,45.0,43.0
1970-1979,Montgomery County,6.0,116.0
1970-1979,Nelson County,29.0,99.0
1970-1979,New Kent County,72.0,53.0
1970-1979,Newport News city,47.0,22.0
1970-1979,Norfolk city,42.0,15.0
1970-1979,Northampton County,31.0,23.0
1970-1979,Northumberland County,40.0,47.0
1970-1979,Norton city,0.0,97.0
1970-1979,Nottoway County,52.0,74.0
1970-1979,Orange County,60.0,108.0
1970-1979,Page County,12.0,120.0
1970-1979,Patrick County,19.0,90.0
1970-1979,Petersburg city,72.0,40.0
1970-1979,Pittsylvania County,56.0,64.0
1970-1979,Poquoson city,44.0,22.0
1970-1979,Portsmouth city,48.0,15.0
1970-1979,Powhatan County,80.0,91.0
1970-1979,Prince Edward County,63.0,75.0
1970-1979,Prince George County,71.0,40.0
1970-1979,Prince William County,43.0,94.0
1970-1979,Pulaski County,1.0,114.0
1970-1979,Radford city,6.0,112.0
1970-1979,Rappahannock County,29.0,122.0
1970-1979,Richmond County,53.0,57.0
1970-1979,Richmond city,87.0,67.0
1970-1979,Roanoke County,24.0,101.0
1970-1979,Roanoke city,44.0,92.0
1970-1979,Rockbridge County,20.0,99.0
1970-1979,Rockingham County,10.0,119.0
1970-1979,Russell County,0.0,95.0
1970-1979,Salem city,47.0,85.0
1970-1979,Scott County,8.0,92.0
1970-1979,Shenandoah County,27.0,127.0
1970-1979,Smyth County,0.0,116.0
1970-1979,Southampton County,70.0,42.0
1970-1979,Spotsylvania County,67.0,98.0
1970-1979,Stafford County,46.0,90.0
1970-1979,Staunton city,25.0,125.0
1970-1979,Suffolk city,58.0,28.0
1970-1979,Surry County,60.0,33.0
1970-1979,Sussex County,65.0,45.0
1970-1979,Tazewell County,0.0,125.0
1970-1979,Virginia Beach city,35.0,14.0
1970-1979,Warren County,26.0,108.0
1970-1979,Washington County,4.0,97.0
1970-1979,Waynesboro city,27.0,103.0
1970-1979,Westmoreland County,45.0,56.0
1970-1979,Williamsburg city,58.0,32.0
1970-1979,Winchester city,34.0,108.0
1970-1979,Wise County,0.0,106.0
1970-1979,Wythe County,2.0,124.0
1970-1979,York County,61.0,26.0
1980-1989,Accomack County,75.0,29.0
1980-1989,Albemarle County,101.0,99.0
1980-1989,Alexandria city,129.0,74.0
1980-1989,Alleghany County,28.0,104.0
1980-1989,Amelia County,126.0,75.0
1980-1989,Amherst County,75.0,91.0
1980-1989,Appomattox County,108.0,81.0
1980-1989,Arlington County,104.0,82.0
1980-1989,Augusta County,40.0,102.0
1980-1989,Bath County,28.0,106.0
1980-1989,Bedford County,82.0,84.0
1980-1989,Bland County,10.0,109.0
1980-1989,Botetourt County,66.0,92.0
1980-1989,Bristol city,38.0,91.0
1980-1989,Brunswick County,122.0,66.0
1980-1989,Buchanan County,24.0,102.0
1980-1989,Buckingham County,116.0,86.0
1980-1989,Buena Vista city,91.0,94.0
1980-1989,Campbell County,90.0,74.0
1980-1989,Caroline County,141.0,80.0
1980-1989,Carroll County,9.0,106.0
1980-1989,Charles City County,141.0,44.0
1980-1989,Charlotte County,100.0,74.0
1980-1989,Charlottesville city,117.0,88.0
1980-1989,Chesapeake city,104.0,26.0
1980-1989,Chesterfield County,147.0,69.0
1980-1989,Clarke County,87.0,96.0
1980-1989,Colonial Heights city,140.0,53.0
1980-1989,Covington city,66.0,100.0
1980-1989,Craig County,27.0,104.0
1980-1989,Culpeper County,124.0,106.0
1980-1989,Cumberland County,142.0,86.0
1980-1989,Danville city,124.0,62.0
1980-1989,Dickenson County,17.0,97.0
1980-1989,Dinwiddie County,137.0,65.0
1980-1989,Emporia city,144.0,51.0
1980-1989,Essex County,143.0,72.0
1980-1989,Fairfax County,106.0,84.0
1980-1989,Fairfax city,99.0,86.0
1980-1989,Falls Church city,85.0,78.0
1980-1989,Fauquier County,107.0,99.0
1980-1989,Floyd County,9.0,102.0
1980-1989,Fluvanna County,148.0,97.0
1980-1989,Franklin County,85.0,89.0
1980-1989,Franklin city,145.0,39.0
1980-1989,Frederick County,72.0,110.0
1980-1989,Fredericksburg city,129.0,94.0
1980-1989,Galax city,12.0,105.0
1980-1989,Giles County,14.0,102.0
1980-1989,Gloucester County,134.0,31.0
1980-1989,Goochland County,141.0,81.0
1980-1989,Grayson County,4.0,113.0
1980-1989,Greene County,63.0,104.0
1980-1989,Greensville County,154.0,55.0
1980-1989,Halifax County,106.0,74.0
1980-1989,Hampton city,116.0,20.0
1980-1989,Hanover County,134.0,75.0
1980-1989,Harrisonburg city,69.0,105.0
1980-1989,Henrico County,152.0,64.0
1980-1989,Henry County,110.0,79.0
1980-1989,Highland County,3.0,111.0
1980-1989,Hopewell city,125.0,46.0
1980-1989,Isle of Wight County,141.0,29.0
1980-1989,James City County,130.0,33.0
1980-1989,King George County,140.0,70.0
1980-1989,King William County,151.0,65.0
1980-1989,King and Queen County,157.0,71.0
1980-1989,Lancaster County,111.0,53.0
1980-1989,Lee County,35.0,86.0
1980-1989,Loudoun County,99.0,99.0
1980-1989,Louisa County,135.0,94.0
1980-1989,Lunenburg County,105.0,73.0
1980-1989,Lynchburg city,99.0,83.0
1980-1989,Madison County,73.0,103.0
1980-1989,Manassas Park city,116.0,89.0
1980-1989,Manassas city,122.0,84.0
1980-1989,Martinsville city,118.0,78.0
1980-1989,Mathews County,116.0,29.0
1980-1989,Mecklenburg County,114.0,74.0
1980-1989,Middlesex County,124.0,44.0
1980-1989,Montgomery County,28.0,92.0
1980-1989,Nelson County,73.0,92.0
1980-1989,New Kent County,147.0,63.0
1980-1989,Newport News city,117.0,23.0
1980-1989,Norfolk city,96.0,17.0
1980-1989,Northampton County,87.0,24.0
1980-1989,Northumberland County,118.0,56.0
1980-1989,Norton city,8.0,87.0
1980-1989,Nottoway County,122.0,79.0
1980-1989,Orange County,118.0,91.0
1980-1989,Page County,46.0,97.0
1980-1989,Patrick County,56.0,85.0
1980-1989,Petersburg city,137.0,56.0
1980-1989,Pittsylvania County,110.0,65.0
1980-1989,Poquoson city,110.0,22.0
1980-1989,Portsmouth city,103.0,18.0
1980-1989,Powhatan County,132.0,80.0
1980-1989,Prince Edward County,116.0,78.0
1980-1989,Prince George County,137.0,48.0
1980-1989,Prince William County,111.0,86.0
1980-1989,Pulaski County,20.0,98.0
1980-1989,Radford city,29.0,85.0
1980-1989,Rappahannock County,72.0,111.0
1980-1989,Richmond County,134.0,64.0
1980-1989,Richmond city,146.0,65.0
1980-1989,Roanoke County,60.0,91.0
1980-1989,Roanoke city,113.0,82.0
1980-1989,Rockbridge County,55.0,95.0
1980-1989,Rockingham County,48.0,99.0
1980-1989,Russell County,13.0,100.0
1980-1989,Salem city,105.0,87.0
1980-1989,Scott County,30.0,90.0
1980-1989,Shenandoah County,72.0,112.0
1980-1989,Smyth County,11.0,106.0
1980-1989,Southampton County,137.0,51.0
1980-1989,Spotsylvania County,136.0,92.0
1980-1989,Stafford County,132.0,83.0
1980-1989,Staunton city,69.0,98.0
1980-1989,Suffolk city,123.0,27.0
1980-1989,Surry County,129.0,35.0
1980-1989,Sussex County,147.0,55.0
1980-1989,Tazewell County,5.0,121.0
1980-1989,Virginia Beach city,85.0,17.0
1980-1989,Warren County,71.0,106.0
1980-1989,Washington County,23.0,102.0
1980-1989,Waynesboro city,54.0,102.0
1980-1989,Westmoreland County,134.0,58.0
1980-1989,Williamsburg city,123.0,39.0
1980-1989,Winchester city,81.0,98.0
1980-1989,Wise County,7.0,91.0
1980-1989,Wythe County,16.0,105.0
1980-1989,York County,122.0,27.0
1990-1999,Accomack County,69.0,14.0
1990-1999,Albemarle County,89.0,34.0
1990-1999,Alexandria city,121.0,25.0
1990-1999,Alleghany County,22.0,51.0
1990-1999,Amelia County,130.0,23.0
1990-1999,Amherst County,62.0,36.0
1990-1999,Appomattox County,76.0,31.0
1990-1999,Arlington County,111.0,33.0
1990-1999,Augusta County,22.0,52.0
1990-1999,Bath County,15.0,52.0
1990-1999,Bedford County,84.0,33.0
1990-1999,Bland County,2.0,50.0
1990-1999,Botetourt County,65.0,38.0
1990-1999,Bristol city,23.0,35.0
1990-1999,Brunswick County,122.0,16.0
1990-1999,Buchanan County,11.0,41.0
1990-1999,Buckingham County,94.0,28.0
1990-1999,Buena Vista city,81.0,37.0
1990-1999,Campbell County,63.0,33.0
1990-1999,Caroline County,121.0,33.0
1990-1999,Carroll County,3.0,46.0
1990-1999,Charles City County,120.0,13.0
1990-1999,Charlotte County,82.0,23.0
1990-1999,Charlottesville city,105.0,35.0
1990-1999,Chesapeake city,99.0,12.0
1990-1999,Chesterfield County,131.0,18.0
1990-1999,Clarke County,79.0,42.0
1990-1999,Colonial Heights city,118.0,13.0
1990-1999,Covington city,77.0,45.0
1990-1999,Craig County,13.0,45.0
1990-1999,Culpeper County,110.0,40.0
1990-1999,Cumberland County,125.0,31.0
1990-1999,Danville city,128.0,17.0
1990-1999,Dickenson County,9.0,46.0
1990-1999,Dinwiddie County,115.0,18.0
1990-1999,Emporia city,129.0,15.0
1990-1999,Essex County,129.0,24.0
1990-1999,Fairfax County,101.0,33.0
1990-1999,Fairfax city,101.0,39.0
1990-1999,Falls Church city,99.0,35.0
1990-1999,Fauquier County,88.0,35.0
1990-1999,Floyd County,0.0,51.0
1990-1999,Fluvanna County,110.0,35.0
1990-1999,Franklin County,75.0,26.0
1990-1999,Franklin city,123.0,14.0
1990-1999,Frederick County,88.0,56.0
1990-1999,Fredericksburg city,113.0,33.0
1990-1999,Galax city,3.0,39.0
1990-1999,Giles County,4.0,56.0
1990-1999,Gloucester County,122.0,15.0
1990-1999,Goochland County,121.0,30.0
1990-1999,Grayson County,0.0,56.0
1990-1999,Greene County,61.0,40.0
1990-1999,Greensville County,129.0,14.0
1990-1999,Halifax County,101.0,22.0
1990-1999,Hampton city,108.0,12.0
1990-1999,Hanover County,132.0,23.0
1990-1999,Harrisonburg city,66.0,48.0
1990-1999,Henrico County,125.0,17.0
1990-1999,Henry County,95.0,29.0
1990-1999,Highland County,1.0,55.0
1990-1999,Hopewell city,138.0,12.0
1990-1999,Isle of Wight County,128.0,14.0
1990-1999,James City County,128.0,15.0
1990-1999,King George County,134.0,29.0
1990-1999,King William County,126.0,21.0
1990-1999,King and Queen County,126.0,19.0
1990-1999,Lancaster County,94.0,17.0
1990-1999,Lee County,11.0,38.0
1990-1999,Loudoun County,88.0,43.0
1990-1999,Louisa County,124.0,37.0
1990-1999,Lunenburg County,113.0,22.0
1990-1999,Lynchburg city,89.0,28.0
1990-1999,Madison County,65.0,37.0
1990-1999,Manassas Park city,113.0,35.0
1990-1999,Manassas city,122.0,28.0
1990-1999,Martinsville city,90.0,26.0
1990-1999,Mathews County,89.0,13.0
1990-1999,Mecklenburg County,115.0,18.0
1990-1999,Middlesex County,122.0,16.0
1990-1999,Montgomery County,16.0,49.0
1990-1999,Nelson County,58.0,38.0
1990-1999,New Kent County,143.0,17.0
1990-1999,Newport News city,116.0,12.0
1990-1999,Norfolk city,105.0,10.0
1990-1999,Northampton County,72.0,11.0
1990-1999,Northumberland County,108.0,17.0
1990-1999,Norton city,1.0,44.0
1990-1999,Nottoway County,110.0,25.0
1990-1999,Orange County,113.0,41.0
1990-1999,Page County,43.0,54.0
1990-1999,Patrick County,42.0,30.0
1990-1999,Petersburg city,130.0,15.0
1990-1999,Pittsylvania County,97.0,28.0
1990-1999,Poquoson city,100.0,13.0
1990-1999,Portsmouth city,106.0,9.0
1990-1999,Powhatan County,134.0,25.0
1990-1999,Prince Edward County,96.0,30.0
1990-1999,Prince George County,122.0,12.0
1990-1999,Prince William County,109.0,41.0
1990-1999,Pulaski County,16.0,41.0
1990-1999,Radford city,24.0,42.0
1990-1999,Rappahannock County,71.0,41.0
1990-1999,Richmond County,124.0,17.0
1990-1999,Richmond city,138.0,20.0
1990-1999,Roanoke County,54.0,38.0
1990-1999,Roanoke city,105.0,36.0
1990-1999,Rockbridge County,46.0,38.0
1990-1999,Rockingham County,42.0,49.0
1990-1999,Russell County,5.0,51.0
1990-1999,Salem city,100.0,36.0
1990-1999,Scott County,15.0,37.0
1990-1999,Shenandoah County,69.0,54.0
1990-1999,Smyth County,1.0,48.0
1990-1999,Southampton County,118.0,15.0
1990-1999,Spotsylvania County,117.0,40.0
1990-1999,Stafford County,105.0,37.0
1990-1999,Staunton city,53.0,50.0
1990-1999,Suffolk city,118.0,14.0
1990-1999,Surry County,132.0,13.0
1990-1999,Sussex County,134.0,15.0
1990-1999,Tazewell County,0.0,54.0
1990-1999,Virginia Beach city,66.0,9.0
1990-1999,Warren County,67.0,41.0
1990-1999,Washington County,10.0,42.0
1990-1999,Waynesboro city,50.0,46.0
1990-1999,Westmoreland County,119.0,21.0
1990-1999,Williamsburg city,120.0,13.0
1990-1999,Winchester city,93.0,47.0
1990-1999,Wise County,1.0,44.0
1990-1999,Wythe County,9.0,40.0
1990-1999,York County,119.0,13.0
2000-2009,Accomack County,54.0,12.0
2000-2009,Albemarle County,82.0,35.0
2000-2009,Alexandria city,78.0,28.0
2000-2009,Alleghany County,10.0,54.0
2000-2009,Amelia County,104.0,29.0
2000-2009,Amherst County,45.0,33.0
2000-2009,Appomattox County,61.0,27.0
2000-2009,Arlington County,76.0,31.0
2000-2009,Augusta County,13.0,55.0
2000-2009,Bath County,3.0,54.0
2000-2009,Bedford County,45.0,29.0
2000-2009,Bland County,2.0,56.0
2000-2009,Botetourt County,38.0,37.0
2000-2009,Bristol city,24.0,49.0
2000-2009,Brunswick County,94.0,25.0
2000-2009,Buchanan County,6.0,54.0
2000-2009,Buckingham County,75.0,31.0
2000-2009,Buena Vista city,64.0,38.0
2000-2009,Campbell County,59.0,28.0
2000-2009,Caroline County,113.0,35.0
2000-2009,Carroll County,3.0,43.0
2000-2009,Charles City County,112.0,12.0
2000-2009,Charlotte County,75.0,26.0
2000-2009,Charlottesville city,85.0,31.0
2000-2009,Chesapeake city,73.0,5.0
2000-2009,Chesterfield County,112.0,25.0
2000-2009,Clarke County,50.0,40.0
2000-2009,Colonial Heights city,118.0,22.0
2000-2009,Covington city,43.0,34.0
2000-2009,Craig County,4.0,44.0
2000-2009,Culpeper County,76.0,44.0
2000-2009,Cumberland County,112.0,34.0
2000-2009,Danville city,104.0,22.0
2000-2009,Dickenson County,3.0,44.0
2000-2009,Dinwiddie County,113.0,27.0
2000-2009,Emporia city,105.0,20.0
2000-2009,Essex County,104.0,26.0
2000-2009,Fairfax County,75.0,32.0
2000-2009,Fairfax city,61.0,37.0
2000-2009,Falls Church city,62.0,24.0
2000-2009,Fauquier County,74.0,44.0
2000-2009,Floyd County,2.0,49.0
2000-2009,Fluvanna County,98.0,33.0
2000-2009,Franklin County,43.0,29.0
2000-2009,Franklin city,105.0,20.0
2000-2009,Frederick County,48.0,49.0
2000-2009,Fredericksburg city,103.0,35.0
2000-2009,Galax city,3.0,44.0
2000-2009,Giles County,3.0,55.0
2000-2009,Gloucester County,101.0,10.0
2000-2009,Goochland County,114.0,27.0
2000-2009,Grayson County,0.0,43.0
2000-2009,Greene County,47.0,42.0
2000-2009,Greensville County,108.0,18.0
2000-2009,Halifax County,73.0,22.0
2000-2009,Hampton city,77.0,3.0
2000-2009,Hanover County,102.0,28.0
2000-2009,Harrisonburg city,48.0,47.0
2000-2009,Henrico County,106.0,23.0
2000-2009,Henry County,78.0,25.0
2000-2009,Highland County,0.0,55.0
2000-2009,Hopewell city,117.0,13.0
2000-2009,Isle of Wight County,91.0,10.0
2000-2009,James City County,100.0,11.0
2000-2009,King George County,87.0,29.0
2000-2009,King William County,108.0,31.0
2000-2009,King and Queen County,115.0,26.0
2000-2009,Lancaster County,94.0,14.0
2000-2009,Lee County,12.0,36.0
2000-2009,Loudoun County,67.0,35.0
2000-2009,Louisa County,83.0,44.0
2000-2009,Lunenburg County,90.0,27.0
2000-2009,Lynchburg city,59.0,31.0
2000-2009,Madison County,43.0,44.0
2000-2009,Manassas Park city,80.0,38.0
2000-2009,Manassas city,88.0,36.0
2000-2009,Martinsville city,77.0,25.0
2000-2009,Mathews County,83.0,11.0
2000-2009,Mecklenburg County,92.0,24.0
2000-2009,Middlesex County,104.0,17.0
2000-2009,Montgomery County,11.0,41.0
2000-2009,Nelson County,47.0,41.0
2000-2009,New Kent County,101.0,24.0
2000-2009,Newport News city,96.0,5.0
2000-2009,Norfolk city,73.0,2.0
2000-2009,Northampton County,69.0,8.0
2000-2009,Northumberland County,88.0,16.0
2000-2009,Norton city,0.0,40.0
2000-2009,Nottoway County,102.0,26.0
2000-2009,Orange County,82.0,42.0
2000-2009,Page County,27.0,52.0
2000-2009,Patrick County,25.0,33.0
2000-2009,Petersburg city,120.0,20.0
2000-2009,Pittsylvania County,66.0,26.0
2000-2009,Poquoson city,85.0,3.0
2000-2009,Portsmouth city,85.0,2.0
2000-2009,Powhatan County,99.0,28.0
2000-2009,Prince Edward County,68.0,24.0
2000-2009,Prince George County,97.0,17.0
2000-2009,Prince William County,82.0,41.0
2000-2009,Pulaski County,9.0,54.0
2000-2009,Radford city,15.0,43.0
2000-2009,Rappahannock County,45.0,48.0
2000-2009,Richmond County,104.0,25.0
2000-2009,Richmond city,114.0,24.0
2000-2009,Roanoke County,31.0,42.0
2000-2009,Roanoke city,62.0,30.0
2000-2009,Rockbridge County,28.0,47.0
2000-2009,Rockingham County,21.0,52.0
2000-2009,Russell County,1.0,50.0
2000-2009,Salem city,65.0,30.0
2000-2009,Scott County,6.0,42.0
2000-2009,Shenandoah County,44.0,50.0
2000-2009,Smyth County,2.0,47.0
2000-2009,Southampton County,106.0,17.0
2000-2009,Spotsylvania County,89.0,50.0
2000-2009,Stafford County,90.0,33.0
2000-2009,Staunton city,37.0,46.0
2000-2009,Suffolk city,101.0,10.0
2000-2009,Surry County,120.0,13.0
2000-2009,Sussex County,114.0,20.0
2000-2009,Tazewell County,2.0,49.0
2000-2009,Virginia Beach city,55.0,1.0
2000-2009,Warren County,37.0,52.0
2000-2009,Washington County,7.0,43.0
2000-2009,Waynesboro city,37.0,42.0
2000-2009,Westmoreland County,108.0,23.0
2000-2009,Williamsburg city,102.0,13.0
2000-2009,Winchester city,53.0,44.0
2000-2009,Wise County,0.0,45.0
2000-2009,Wythe County,5.0,50.0
2000-2009,York County,94.0,8.0
2010-2019,Accomack County,84.0,20.0
2010-2019,Albemarle County,114.0,52.0
2010-2019,Alexandria city,137.0,41.0
2010-2019,Alleghany County,21.0,67.0
2010-2019,Amelia County,116.0,41.0
2010-2019,Amherst County,63.0,53.0
2010-2019,Appomattox County,84.0,41.0
2010-2019,Arlington County,125.0,41.0
2010-2019,Augusta County,25.0,68.0
2010-2019,Bath County,12.0,70.0
2010-2019,Bedford County,85.0,51.0
2010-2019,Bland County,3.0,63.0
2010-2019,Botetourt County,56.0,54.0
2010-2019,Bristol city,40.0,42.0
2010-2019,Brunswick County,124.0,29.0
2010-2019,Buchanan County,11.0,56.0
2010-2019,Buckingham County,125.0,49.0
2010-2019,Buena Vista city,87.0,63.0
2010-2019,Campbell County,90.0,41.0
2010-2019,Caroline County,130.0,50.0
2010-2019,Carroll County,7.0,64.0
2010-2019,Charles City County,149.0,25.0
2010-2019,Charlotte County,92.0,37.0
2010-2019,Charlottesville city,118.0,49.0
2010-2019,Chesapeake city,116.0,11.0
2010-2019,Chesterfield County,123.0,36.0
2010-2019,Clarke County,88.0,58.0
2010-2019,Colonial Heights city,137.0,30.0
2010-2019,Covington city,80.0,55.0
2010-2019,Craig County,16.0,64.0
2010-2019,Culpeper County,115.0,56.0
2010-2019,Cumberland County,126.0,54.0
2010-2019,Danville city,110.0,31.0
2010-2019,Dickenson County,8.0,54.0
2010-2019,Dinwiddie County,123.0,41.0
2010-2019,Emporia city,138.0,27.0
2010-2019,Essex County,119.0,40.0
2010-2019,Fairfax County,114.0,50.0
2010-2019,Fairfax city,103.0,51.0
2010-2019,Falls Church city,108.0,46.0
2010-2019,Fauquier County,84.0,56.0
2010-2019,Floyd County,4.0,61.0
2010-2019,Fluvanna County,132.0,53.0
2010-2019,Franklin County,72.0,47.0
2010-2019,Franklin city,146.0,22.0
2010-2019,Frederick County,87.0,56.0
2010-2019,Fredericksburg city,134.0,54.0
2010-2019,Galax city,7.0,53.0
2010-2019,Giles County,11.0,71.0
2010-2019,Gloucester County,117.0,22.0
2010-2019,Goochland County,136.0,45.0
2010-2019,Grayson County,2.0,64.0
2010-2019,Greene County,86.0,64.0
2010-2019,Greensville County,138.0,28.0
2010-2019,Halifax County,110.0,32.0
2010-2019,Hampton city,117.0,11.0
2010-2019,Hanover County,134.0,50.0
2010-2019,Harrisonburg city,74.0,52.0
2010-2019,Henrico County,127.0,36.0
2010-2019,Henry County,95.0,37.0
2010-2019,Highland County,3.0,69.0
2010-2019,Hopewell city,138.0,25.0
2010-2019,Isle of Wight County,141.0,17.0
2010-2019,James City County,112.0,20.0
2010-2019,King George County,128.0,40.0
2010-2019,King William County,147.0,39.0
2010-2019,King and Queen County,119.0,34.0
2010-2019,Lancaster County,110.0,31.0
2010-2019,Lee County,14.0,48.0
2010-2019,Loudoun County,100.0,58.0
2010-2019,Louisa County,124.0,48.0
2010-2019,Lunenburg County,104.0,39.0
2010-2019,Lynchburg city,95.0,47.0
2010-2019,Madison County,67.0,54.0
2010-2019,Manassas Park city,120.0,51.0
2010-2019,Manassas city,118.0,53.0
2010-2019,Martinsville city,103.0,41.0
2010-2019,Mathews County,114.0,21.0
2010-2019,Mecklenburg County,129.0,31.0
2010-2019,Middlesex County,116.0,26.0
2010-2019,Montgomery County,20.0,57.0
2010-2019,Nelson County,62.0,55.0
2010-2019,New Kent County,137.0,30.0
2010-2019,Newport News city,119.0,15.0
2010-2019,Norfolk city,102.0,7.0
2010-2019,Northampton County,97.0,17.0
2010-2019,Northumberland County,108.0,37.0
2010-2019,Norton city,3.0,60.0
2010-2019,Nottoway County,118.0,47.0
2010-2019,Orange County,125.0,43.0
2010-2019,Page County,41.0,60.0
2010-2019,Patrick County,36.0,43.0
2010-2019,Petersburg city,149.0,31.0
2010-2019,Pittsylvania County,93.0,40.0
2010-2019,Poquoson city,117.0,14.0
2010-2019,Portsmouth city,113.0,8.0
2010-2019,Powhatan County,130.0,49.0
2010-2019,Prince Edward County,91.0,41.0
2010-2019,Prince George County,129.0,24.0
2010-2019,Prince William County,118.0,51.0
2010-2019,Pulaski County,25.0,58.0
2010-2019,Radford city,30.0,60.0
2010-2019,Rappahannock County,47.0,59.0
2010-2019,Richmond County,129.0,37.0
2010-2019,Richmond city,139.0,37.0
2010-2019,Roanoke County,49.0,54.0
2010-2019,Roanoke city,104.0,45.0
2010-2019,Rockbridge County,39.0,54.0
2010-2019,Rockingham County,41.0,61.0
2010-2019,Russell County,4.0,52.0
2010-2019,Salem city,104.0,50.0
2010-2019,Scott County,16.0,46.0
2010-2019,Shenandoah County,65.0,58.0
2010-2019,Smyth County,2.0,64.0
2010-2019,Southampton County,140.0,22.0
2010-2019,Spotsylvania County,134.0,46.0
2010-2019,Stafford County,122.0,44.0
2010-2019,Staunton city,66.0,68.0
2010-2019,Suffolk city,110.0,15.0
2010-2019,Surry County,136.0,20.0
2010-2019,Sussex County,135.0,28.0
2010-2019,Tazewell County,2.0,64.0
2010-2019,Virginia Beach city,78.0,7.0
2010-2019,Warren County,53.0,57.0
2010-2019,Washington County,14.0,53.0
2010-2019,Waynesboro city,56.0,57.0
2010-2019,Westmoreland County,133.0,38.0
2010-2019,Williamsburg city,144.0,19.0
2010-2019,Winchester city,85.0,59.0
2010-2019,Wise County,4.0,61.0
2010-2019,Wythe County,10.0,61.0
2010-2019,York County,128.0,16.0
2020-2029,Accomack County,19.0,1.0
2020-2029,Albemarle County,38.0,6.0
2020-2029,Alexandria city,40.0,3.0
2020-2029,Alleghany County,1.0,7.0
2020-2029,Amelia County,39.0,6.0
2020-2029,Amherst County,21.0,6.0
2020-2029,Appomattox County,21.0,3.0
2020-2029,Arlington County,36.0,5.0
2020-2029,Augusta County,6.0,11.0
2020-2029,Bath County,0.0,12.0
2020-2029,Bedford County,24.0,5.0
2020-2029,Bland County,0.0,6.0
2020-2029,Botetourt County,5.0,9.0
2020-2029,Bristol city,11.0,4.0
2020-2029,Brunswick County,37.0,1.0
2020-2029,Buchanan County,1.0,6.0
2020-2029,Buckingham County,28.0,3.0
2020-2029,Buena Vista city,20.0,6.0
2020-2029,Campbell County,23.0,4.0
2020-2029,Caroline County,39.0,4.0
2020-2029,Carroll County,0.0,10.0
2020-2029,Charles City County,42.0,3.0
2020-2029,Charlotte County,23.0,2.0
2020-2029,Charlottesville city,39.0,5.0
2020-2029,Chesapeake city,33.0,1.0
2020-2029,Chesterfield County,48.0,4.0
2020-2029,Clarke County,30.0,7.0
2020-2029,Colonial Heights city,41.0,4.0
2020-2029,Covington city,4.0,6.0
2020-2029,Craig County,0.0,10.0
2020-2029,Culpeper County,38.0,8.0
2020-2029,Cumberland County,41.0,4.0
2020-2029,Danville city,33.0,5.0
2020-2029,Dickenson County,2.0,5.0
2020-2029,Dinwiddie County,52.0,3.0
2020-2029,Emporia city,44.0,2.0
2020-2029,Essex County,36.0,4.0
2020-2029,Fairfax County,31.0,4.0
2020-2029,Fairfax city,24.0,3.0
2020-2029,Falls Church city,30.0,5.0
2020-2029,Fauquier County,33.0,6.0
2020-2029,Floyd County,0.0,6.0
2020-2029,Fluvanna County,44.0,4.0
2020-2029,Franklin County,23.0,5.0
2020-2029,Franklin city,44.0,2.0
2020-2029,Frederick County,26.0,8.0
2020-2029,Fredericksburg city,42.0,3.0
2020-2029,Galax city,0.0,9.0
2020-2029,Giles County,0.0,9.0
2020-2029,Gloucester County,37.0,3.0
2020-2029,Goochland County,40.0,3.0
2020-2029,Grayson County,0.0,7.0
2020-2029,Greene County,22.0,5.0
2020-2029,Greensville County,43.0,1.0
2020-2029,Halifax County,37.0,3.0
2020-2029,Hampton city,38.0,0.0
2020-2029,Hanover County,46.0,3.0
2020-2029,Harrisonburg city,24.0,8.0
2020-2029,Henrico County,44.0,2.0
2020-2029,Henry County,22.0,4.0
2020-2029,Highland County,0.0,11.0
2020-2029,Hopewell city,43.0,3.0
2020-2029,Isle of Wight County,37.0,2.0
2020-2029,James City County,45.0,3.0
2020-2029,King George County,40.0,4.0
2020-2029,King William County,36.0,4.0
2020-2029,King and Queen County,28.0,4.0
2020-2029,Lancaster County,26.0,3.0
2020-2029,Lee County,2.0,5.0
2020-2029,Loudoun County,32.0,5.0
2020-2029,Louisa County,35.0,4.0
2020-2029,Lunenburg County,26.0,3.0
2020-2029,Lynchburg city,38.0,5.0
2020-2029,Madison County,22.0,5.0
2020-2029,Manassas Park city,39.0,5.0
2020-2029,Manassas city,41.0,4.0
2020-2029,Martinsville city,20.0,4.0
2020-2029,Mathews County,30.0,2.0
2020-2029,Mecklenburg County,44.0,2.0
2020-2029,Middlesex County,33.0,2.0
2020-2029,Montgomery County,0.0,7.0
2020-2029,Nelson County,10.0,5.0
2020-2029,New Kent County,47.0,3.0
2020-2029,Newport News city,38.0,0.0
2020-2029,Norfolk city,33.0,0.0
2020-2029,Northampton County,23.0,0.0
2020-2029,Northumberland County,37.0,3.0
2020-2029,Norton city,0.0,4.0
2020-2029,Nottoway County,36.0,4.0
2020-2029,Orange County,38.0,7.0
2020-2029,Page County,13.0,6.0
2020-2029,Patrick County,1.0,7.0
2020-2029,Petersburg city,39.0,4.0
2020-2029,Pittsylvania County,30.0,4.0
2020-2029,Poquoson city,32.0,0.0
2020-2029,Portsmouth city,28.0,0.0
2020-2029,Powhatan County,40.0,4.0
2020-2029,Prince Edward County,33.0,3.0
2020-2029,Prince George County,46.0,2.0
2020-2029,Prince William County,45.0,3.0
2020-2029,Pulaski County,0.0,9.0
2020-2029,Radford city,2.0,10.0
2020-2029,Rappahannock County,16.0,8.0
2020-2029,Richmond County,31.0,3.0
2020-2029,Richmond city,44.0,4.0
2020-2029,Roanoke County,9.0,8.0
2020-2029,Roanoke city,27.0,8.0
2020-2029,Rockbridge County,9.0,5.0
2020-2029,Rockingham County,12.0,7.0
2020-2029,Russell County,0.0,7.0
2020-2029,Salem city,24.0,6.0
2020-2029,Scott County,2.0,4.0
2020-2029,Shenandoah County,21.0,6.0
2020-2029,Smyth County,0.0,9.0
2020-2029,Southampton County,39.0,2.0
2020-2029,Spotsylvania County,36.0,5.0
2020-2029,Stafford County,47.0,3.0
2020-2029,Staunton city,11.0,5.0
2020-2029,Suffolk city,42.0,1.0
2020-2029,Surry County,34.0,3.0
2020-2029,Sussex County,45.0,2.0
2020-2029,Tazewell County,0.0,8.0
2020-2029,Virginia Beach city,25.0,0.0
2020-2029,Warren County,14.0,5.0
2020-2029,Washington County,1.0,8.0
2020-2029,Waynesboro city,11.0,7.0
2020-2029,Westmoreland County,38.0,3.0
2020-2029,Williamsburg city,28.0,3.0
2020-2029,Winchester city,28.0,7.0
2020-2029,Wise County,0.0,6.0
2020-2029,Wythe County,0.0,5.0
2020-2029,York County,36.0,1.0
